id,name,author,category,active
1,הארי פוטר ואבן החכמים,ג'יי.קיי רולינג,פנטזיה,True
2,מלחמה ושלום,לב טולסטוי,ספרות קלאסית,True
3,אדון הטבעות,ג'.ר.ר טולקין,פנטזיה,True
4,שיר השירים,שלמה המלך,שירה,True
5,מסע אל תום האלף,א.ב יהושע,ספרות ישראלית,True
6,זיכרון דברים,יעקב שבתאי,ספרות ישראלית,True
7,סיפור פשוט,"ש""י עגנון",ספרות ישראלית,True
8,החיים כמשל,פנחס שדה,ביוגרפיה,True
9,אלי כהן - מוסד,משה כהן,כללי,True
10,יהודה אנוכי,אלי משה,מתח,False
11,הקוסם מארץ עוץ,ל. פרנק באום,פנטזיה,True
12,גאווה ודעה קדומה,ג'יין אוסטן,רומן,True
13,1984,ג'ורג' אורוול,דיסטופיה,True
14,התפסן בשדה השיפון,ג'.ד. סלינג'ר,רומן התבגרות,True
15,האודיסאה,הומרוס,אפוס,True
16,החטא ועונשו,פיודור דוסטויבסקי,פסיכולוגי,True
17,החומש,משה רבנו,דת,True
18,דון קישוט,מיגל דה סרוואנטס,קלאסיקה,True
19,בכדי שלא ימותו,מאיר שלו,ספרות ישראלית,True
20,יונה ונער,מאיר שלו,ספרות ישראלית,True
21,ארבעה בתים וגעגוע,אשכול נבו,ספרות ישראלית,True
22,הכלה והפרפר,אורלי קסטל-בלום,ספרות ישראלית,True
23,מפתח הלב,אהרון אפלפלד,ספרות ישראלית,True
24,חיי מיכאל,אהרון אפלפלד,ספרות ישראלית,True
25,והיה העקוב למישור,ש"י עגנון,ספרות ישראלית,True
26,תמול שלשום,ש"י עגנון,ספרות ישראלית,True
27,פרשת ורד,רונית מטלון,ספרות ישראלית,True
28,קרוב לים,רונית מטלון,ספרות ישראלית,True
29,שביל קליפות התפוזים,נעמי שמחי,ספרות ילדים,True
30,דינה בוכוב,דינה בוכוב,שירה,True
31,אנה קארנינה,לב טולסטוי,רומן,True
32,הדובים של פדלינגטון,מייקל בונד,ילדים,True
33,הנסיך הקטן,אנטואן דה סנט-אקזופרי,פילוסופיה,True
34,מדריך הטרמפיסט לגלקסיה,דאגלס אדאמס,מדע בדיוני,True
35,פרנקנשטיין,מרי שלי,אימה,True
36,מובי דיק,הרמן מלוויל,הרפתקאות,True
37,פשע מן העבר,אגתה כריסטי,בלש,True
38,שרלוק הולמס: כל הסיפורים,ארתור קונאן דויל,בלש,True
39,החומות הלבנות,גבריאל גרסיה מארקס,ריאליזם קסום,True
40,מאה שנים של בדידות,גבריאל גרסיה מארקס,ריאליזם קסום,True
41,הגלגול,פרנץ קפקא,פילוסופיה,True
42,המשפט,פרנץ קפקא,פילוסופיה,True
43,הזר,אלבר קאמי,אקזיסטנציאליזם,True
44,המיתוס של סיזיפוס,אלבר קאמי,אקזיסטנציאליזם,True
45,זרעים של פורענות,הרפר לי,דרמה,True
46,הקייטנה של קנלר,אתגר קרת,סיפורים קצרים,True
47,געגועים לקיסינג'ר,אתגר קרת,סיפורים קצרים,True
48,יעל,יהודית קציר,ספרות ישראלית,True
49,למה לא,יהודית קציר,ספרות ישראלית,True
50,כימים אחדים,מאיר שלו,ספרות ישראלית,True
51,עשו,מאיר שלו,ספרות ישראלית,True
52,דמיון מודרך,מיכל שלו,רומן,True
53,אשה בורחת מבשורה,דוד גרוסמן,ספרות ישראלית,True
54,ספר הדקדוק הפנימי,דוד גרוסמן,ספרות ישראלית,True
55,נוכחים נפקדים,דוד גרוסמן,ספרות ישראלית,True
56,עיין ערך אהבה,דויד גרוסמן,ספרות ישראלית,True
57,מיכאל שלי,עמוס עוז,ספרות ישראלית,True
58,סיפור על אהבה וחושך,עמוס עוז,אוטוביוגרפיה,True
59,קופסה שחורה,עמוס עוז,ספרות ישראלית,True
60,תמונות מחיי הכפר,עמוס עוז,סיפורים קצרים,True
61,הבשורה על-פי יהודה,עמוס עוז,ספרות ישראלית,True
62,הר אדוני,שולמית הר אבן,ספרות ישראלית,True
63,ארוחת בוקר אמריקאית,שולמית הר אבן,סיפורים קצרים,True
64,אל מול הקיר,יוסי סוכרי,ספרות ישראלית,True
65,בנגב למטה,דוד שחם,פוליטי,True
66,שלושה ימים וילד,א.ב יהושע,סיפורים קצרים,True
67,המאהב,א.ב יהושע,ספרות ישראלית,True
68,גירושים מאוחרים,א.ב יהושע,ספרות ישראלית,True
69,שתיקת הכלה,א.ב יהושע,ספרות ישראלית,True
70,מסע אל תום האלף,א.ב יהושע,ספרות ישראלית,True
71,לראות את הים,א.ב יהושע,ספרות ישראלית,True
72,הכלה המשחררת,א.ב יהושע,ספרות ישראלית,True
73,חולית,פרנק הרברט,מדע בדיוני,True
74,שלל קציר,נחום גוטמן,ילדים,True
75,שירי ילדים,לאה גולדברג,ילדים,True
76,דירה להשכיר,לאה גולדברג,ילדים,True
77,מעשה בשלושה אגוזים,לאה גולדברג,ילדים,True
78,אורי,לאה גולדברג,ילדים,True
79,פצפונת ואנטון,אריך קסטנר,ילדים,True
80,אורה הכפולה,אריך קסטנר,ילדים,True
81,החיה של טרוויס,וירג'יניה וולף,רומן,True
82,מגדלור,וירג'יניה וולף,רומן,True
83,גשר ברוקלין,לאונרד כהן,שירה,True
84,השירה העברית החדשה,נתן זך,שירה,True
85,בכל זאת יש בה משהו,דליה רביקוביץ',שירה,True
86,אולי נתראה,חווה אלברשטיין,שירה,True
87,סימני דרך,נעמי שמר,שירה,True
88,כובע קש,רבקה זהר,שירה,True
89,שירים למאזין החטוף,יונתן גפן,שירה,True
90,הכבש השישה עשר,יהונתן גפן,ילדים,True
91,איה פלוטו,רינת הופר,ילדים,True
92,מעשה בחמישה בלונים,מרים רות,ילדים,True
93,תירס חם,מרים רות,ילדים,True
94,הבית של יעל,רינת הופר,ילדים,True
95,מר ארנבון ומר שועל,ד"ר סוס,ילדים,True
96,חתול תעלול,ד"ר סוס,ילדים,True
97,הלורקס,ד"ר סוס,ילדים,True
98,אי הילדים,ז'ול ורן,הרפתקאות,True
99,עשרים אלף מיל מתחת למים,ז'ול ורן,הרפתקאות,True
100,מסביב לעולם בשמונים יום,ז'ול ורן,הרפתקאות,True
101,האיש שבקיר,מאיה אנג'לו,ביוגרפיה,True
102,כלוב הציפורים,מאיה אנג'לו,ביוגרפיה,True
103,היו זמנים,ש"י עגנון,סיפורים קצרים,True
104,והיה העקוב למישור,ש"י עגנון,רומן,True
105,פרנסואה מיטרן,אלן דונט,ביוגרפיה,True
106,ההיסטוריה של העולם,אריך פון דניקן,היסטוריה,True
107,קיצור תולדות האנושות,יובל נח הררי,היסטוריה,True
108,הלילה בחוץ,שלום עליכם,סיפורים קצרים,True
109,המומינים: כוכב השביט,טובה ינסון,ילדים,True
110,פיטר פן,ג'יי.מ. בארי,פנטזיה,True
111,ונדטה,אלן מור,קומיקס,True
112,שומרי הגלקסיה,ג'ף לואב,קומיקס,True
113,באטמן: הבדיחה הקטלנית,אלן מור,קומיקס,True
114,החתול והשועל,קרלו קולודי,ילדים,True
115,אליס בארץ הפלאות,לואיס קרול,פנטזיה,True
116,דרך המשי,קולין פאלקון,הרפתקאות,True
117,הרפתקאותיו של תום סויר,מארק טוויין,הרפתקאות,True
118,הרפתקאותיו של האקלברי פין,מארק טוויין,הרפתקאות,True
119,קן הקוקיה,קן קיזי,דרמה,True
120,קן ציפורי,לאה איני,ספרות ישראלית,True
121,שלוש אמהות,אילנה ברנדט,ספרות ישראלית,True
122,הכוכב כחול,מאיה קגנסקי,שירה,True
123,מכתבי אהבה,לורי מור,רומן,True
124,הסיפור שלא סופר,רובין הוב,פנטזיה,True
125,השער של קוזלסקי,אורי אורלב,ילדים,True
126,האי ברחוב הציפורים,אורי אורלב,ילדים,True
127,אבא עושה בושות,אפרים סידון,ילדים,True
128,סבתא סורגת,אפרים סידון,ילדים,True
129,ככה זה כשאתה אחרת,ינץ לוי,ילדים,True
130,דוד אריה והמכשפה מכולם,ינץ לוי,ילדים,True
131,הכישרון של מיכאל,דפנה בן צבי,ילדים,True
132,האריה שאהב תות,תמר בורנשטיין-לזר,ילדים,True
133,מעשה בשני אחים,לוין קיפניס,ילדים,True
134,אליעזר והגזר,לוין קיפניס,ילדים,True
135,רימון והדבורה,לוין קיפניס,ילדים,True
136,השפן הקטן,לוין קיפניס,ילדים,True
137,רוח בערבה,קנת גרהם,ילדים,True
138,פו הדב,א.א. מילן,ילדים,True
139,מנהרת הזמן,ג'ין ויילדר,ילדים,True
140,מסיבת תה,לואיס קרול,פנטזיה,True
141,הרפתקאותיו של טינטין,הרז'ה,קומיקס,True
142,הדרקונים של פרן,אן מקאפרי,מדע בדיוני,True
143,קרח ואש,ג'ורג' ר.ר. מרטין,פנטזיה,True
144,משחקי הכס,ג'ורג' ר.ר. מרטין,פנטזיה,True
145,עימות המלכים,ג'ורג' ר.ר. מרטין,פנטזיה,True
146,סופת החרבות,ג'ורג' ר.ר. מרטין,פנטזיה,True
147,משתה לעורבים,ג'ורג' ר.ר. מרטין,פנטזיה,True
148,ריקוד עם דרקונים,ג'ורג' ר.ר. מרטין,פנטזיה,True
149,רוחות החורף,ג'ורג' ר.ר. מרטין,פנטזיה,False
150,חלום של אביב,ג'ורג' ר.ר. מרטין,פנטזיה,False
151,הקמע,סטיבן קינג,אימה,True
152,הניצוץ,סטיבן קינג,אימה,True
153,טירת הוואנה,חורחה לואיס בורחס,סיפורים קצרים,True
154,גן השבילים המתפצלים,חורחה לואיס בורחס,סיפורים קצרים,True
155,אלף לילה ולילה,סיפורי עם,אגדות,True
156,הקאמורה,רוברטו סביאנו,פשע,True
157,אבא עשיר - אבא עני,רוברט קיוסאקי,כלכלה,True
158,חשוב והתעשר,נפוליאון היל,עזרה עצמית,True
159,כוחו של הרגל,צ'ארלס דוחיג,פסיכולוגיה,True
160,קיצור תולדות ירושלים,מאיר שלו,היסטוריה,True
161,הרוח בערפל,שולמית אלוני,פוליטי,True
162,הקיר,מרים ילן-שטקליס,ילדים,True
163,אצו רצו גמדים,מרים ילן-שטקליס,ילדים,True
164,דני דין,שמעון צמרת,ילדים,True
165,הכינה נחמה,דבורה עומר,ילדים,True
166,ציוני דרך,דבורה עומר,ביוגרפיה,True
167,אף אחד לא קם,דבורה עומר,ספרות נוער,True
168,הבלי של אדם,מאיה קגנסקי,שירה,True
169,הגולם,אילן חצור,דרמה,True
170,מלכת היופי של ירושלים,שרה אהרונסון,היסטורי,True
171,בית הבובות,הנריק איבסן,דרמה,True
172,מחכים לגודו,סמואל בקט,דרמה,True
173,אדיפוס המלך,סופוקלס,טרגדיה,True
174,המלט,ויליאם שייקספיר,טרגדיה,True
175,רומיאו ויוליה,ויליאם שייקספיר,טרגדיה,True
176,מקבת,ויליאם שייקספיר,טרגדיה,True
177,המלך ליר,ויליאם שייקספיר,טרגדיה,True
178,חלום ליל קיץ,ויליאם שייקספיר,קומדיה,True
179,כטוב בעיניכם,ויליאם שייקספיר,קומדיה,True
180,הרבה ללא כלום,ויליאם שייקספיר,קומדיה,True
181,אילוף הסוררת,ויליאם שייקספיר,קומדיה,True
182,הסוחר מוונציה,ויליאם שייקספיר,דרמה,True
183,קוריולנוס,ויליאם שייקספיר,היסטורי,True
184,יוליוס קיסר,ויליאם שייקספיר,היסטורי,True
185,אנטוניוס וקלאופטרה,ויליאם שייקספיר,טרגדיה,True
186,הסערה,ויליאם שייקספיר,פנטזיה,True
187,בן חור,לו וואלאס,היסטורי,True
188,ההוביט,ג'.ר.ר טולקין,פנטזיה,True
189,הסילמריליון,ג'.ר.ר טולקין,פנטזיה,True
190,האחווה של הטבעת,ג'.ר.ר טולקין,פנטזיה,True
191,שני המגדלים,ג'.ר.ר טולקין,פנטזיה,True
192,שובו של המלך,ג'.ר.ר טולקין,פנטזיה,True
193,הד קלוש,עמוס עוז,סיפורים קצרים,True
194,מנוחה נכונה,עמוס עוז,רומן,True
195,פנתר במרתף,עמוס עוז,ספרות נוער,True
196,כמו לילה,עמוס עוז,סיפורים קצרים,True
197,לגעת במים לגעת ברוח,מירה מגן,ספרות ישראלית,True
198,השועל בלול התרנגולות,אפרים קישון,סאטירה,True
199,ספר משלי,שלמה המלך,חוכמה,True
200,קהלת,שלמה המלך,פילוסופיה,True
201,שיר השירים,שלמה המלך,שירה,True
202,שירת מרים,משה דפנה,שירה,True
203,מגילת רות,נביאים,דת,True
204,מגילת אסתר,נביאים,דת,True
205,מגילת איכה,ירמיהו,דת,True
206,מגילת קהלת,שלמה המלך,דת,True
207,ספר איוב,נביאים,דת,True
208,ספר תהילים,דוד המלך,דת,True
209,משנה,רבי יהודה הנשיא,דת,True
210,תלמוד בבלי,רב אשי ורבינא,דת,True
211,תלמוד ירושלמי,רבי יוחנן,דת,True
212,הזוהר,רבי שמעון בר יוחאי,קבלה,True
213,שולחן ערוך,רבי יוסף קארו,הלכה,True
214,המשנה תורה,הרמב"ם,הלכה,True
215,מורה נבוכים,הרמב"ם,פילוסופיה,True
216,הכוזרי,רבי יהודה הלוי,פילוסופיה,True
217,מסילת ישרים,רבי משה חיים לוצאטו,מוסר,True
218,נפש החיים,רבי חיים מוולוז'ין,מוסר,True
219,שערי קדושה,רבי חיים ויטאל,קבלה,True
220,אור החיים,רבי חיים בן עטר,פרשנות,True
221,בן איש חי,רבי יוסף חיים,הלכה,True
222,ערוך השולחן,רבי יחיאל מיכל אפשטיין,הלכה,True
223,משנה ברורה,רבי ישראל מאיר הכהן,הלכה,True
224,חפץ חיים,רבי ישראל מאיר הכהן,מוסר,True
225,פלא יועץ,רבי אליעזר פאפו,מוסר,True
226,אגדות המלך שלמה,חיים נחמן ביאליק,ילדים,True
227,ויהי ערב,חיים נחמן ביאליק,ילדים,True
228,שירים ופזמונות לילדים,חיים נחמן ביאליק,ילדים,True
229,התרנגולים והשועל,חיים נחמן ביאליק,ילדים,True
230,אלוף בצלות ואלוף שום,חיים נחמן ביאליק,ילדים,True
231,מאחורי הסורגים,יוסף חיים ברנר,רומן,True
232,מנגינות הלילה,יוסף חיים ברנר,סיפורים קצרים,True
233,הדרך למעלה,יוסף חיים ברנר,רומן,True
234,בין מים למים,יוסף חיים ברנר,רומן,True
235,חורף,יוסף חיים ברנר,סיפורים קצרים,True
236,מכאן ומכאן,יוסף חיים ברנר,מאמרים,True
237,שלושה ימים,יוסף חיים ברנר,סיפורים קצרים,True
238,מגילת האש,חיים נחמן ביאליק,שירה,True
239,אל הציפור,חיים נחמן ביאליק,שירה,True
240,על השחיטה,חיים נחמן ביאליק,שירה,True
241,הכניסיני תחת כנפך,חיים נחמן ביאליק,שירה,True
242,ים הדממה,אורי צבי גרינברג,שירה,True
243,כלב חוצות,אורי צבי גרינברג,שירה,True
244,רחובות הנהר,אורי צבי גרינברג,שירה,True
245,חזון אחרית הימים,אורי צבי גרינברג,שירה,True
246,בארץ לומברדיה,רחל בלובשטיין,שירה,True
247,רק על עצמי לספר ידעתי,רחל בלובשטיין,שירה,True
248,הלך נפש,לאה גולדברג,שירה,True
249,שיבולת ירוקה,לאה גולדברג,שירה,True
250,עם קולות מן הים,לאה גולדברג,שירה,True
251,בלילה כל הכוכבים דולקים,נתן אלתרמן,שירה,True
252,עוד חוזר הניגון,נתן אלתרמן,שירה,True
253,כוכבים בחוץ,נתן אלתרמן,שירה,True
254,שמחת עניים,נתן אלתרמן,שירה,True
255,עיר היונה,נתן אלתרמן,שירה,True
256,פגישה לאין קץ,נתן אלתרמן,שירה,True
257,אם אדם,לאה גולדברג,שירה,True
258,שבעה ימים,א.א. פאפ,פילוסופיה,True
259,הנבואה,א.א. פאפ,פילוסופיה,True
260,הלוגיקה של המחקר המדעי,קרל פופר,פילוסופיה,True
261,החברה הפתוחה ואויביה,קרל פופר,פילוסופיה,True
262,על חירות,ג'ון סטיוארט מיל,פילוסופיה,True
263,הנסיך,ניקולו מקיאוולי,פוליטיקה,True
264,לזכור את כולם,יונתן יבין,ספרות ישראלית,True
265,אלף שמשות זוהרות,חאלד חוסייני,דרמה,True
266,מרוץ העפיפונים,חאלד חוסייני,דרמה,True
267,אל המגדלור,וירג'יניה וולף,רומן,True
268,גברת דאלווי,וירג'יניה וולף,רומן,True
269,חדר משלך,וירג'יניה וולף,מאמר,True
270,אורלנדו,וירג'יניה וולף,רומן,True
271,האדם מחפש משמעות,ויקטור פראנקל,פסיכולוגיה,True
272,הנבואה של מרי סלסטין,ג'יימס רדפילד,רוחני,True
273,כוחו של הרגע הזה,אקהרט טולה,רוחני,True
274,האלכימאי,פאולו קואלו,פילוסופיה,True
275,על הכוזרי,מרדכי שקורי,פילוסופיה,True
276,יחסי מין ומוות,זיגמונד פרויד,פסיכולוגיה,True
277,פסיכופתולוגיה של חיי היומיום,זיגמונד פרויד,פסיכולוגיה,True
278,פירוש החלומות,זיגמונד פרויד,פסיכולוגיה,True
279,האני והסתמי,זיגמונד פרויד,פסיכולוגיה,True
280,תרבות בלא נחת,זיגמונד פרויד,פסיכולוגיה,True
281,פחד ורעדה,סרן קירקגור,פילוסופיה,True
282,או-או,סרן קירקגור,פילוסופיה,True
283,מחלת המוות,סרן קירקגור,פילוסופיה,True
284,הולדת הטרגדיה,פרידריך ניטשה,פילוסופיה,True
285,כה אמר זרתוסטרא,פרידריך ניטשה,פילוסופיה,True
286,מעבר לטוב ולרע,פרידריך ניטשה,פילוסופיה,True
287,גנאלוגיה של המוסר,פרידריך ניטשה,פילוסופיה,True
288,שקיעת האלילים,פרידריך ניטשה,פילוסופיה,True
289,אדם הוא מה שהוא אוכל,לודוויג פוירבך,פילוסופיה,True
290,הקפיטל,קרל מרקס,כלכלה,True
291,המניפסט הקומוניסטי,קרל מרקס ופרידריך אנגלס,פוליטיקה,True
292,מלחמת העולם השנייה,וינסטון צ'רצ'יל,היסטוריה,True
293,הדמוקרטיה באמריקה,אלכסיס דה טוקוויל,פוליטיקה,True
294,עושר העמים,אדם סמית',כלכלה,True
295,לווייתן,תומאס הובס,פילוסופיה,True
296,שתי מסות על ממשל,ג'ון לוק,פילוסופיה,True
297,האמנה החברתית,ז'אן-ז'אק רוסו,פילוסופיה,True
298,ביקורת התבונה הטהורה,עמנואל קאנט,פילוסופיה,True
299,ביקורת התבונה המעשית,עמנואל קאנט,פילוסופיה,True
300,ביקורת כוח השיפוט,עמנואל קאנט,פילוסופיה,True
301,פנומנולוגיה של הרוח,ג.ו.פ. הגל,פילוסופיה,True
302,מדע הלוגיקה,ג.ו.פ. הגל,פילוסופיה,True
303,עולם כרצון וייצוג,ארתור שופנהאואר,פילוסופיה,True
304,שתי הדרכים,רבקה ורדה,ילדים,True
305,החכמה של הגוף,דויד הרלינג,בריאות,True
306,המדריך המלא ליוגה,ב.ק.ס. איינגר,בריאות,True
307,טאו טה צ'ינג,לאו דזה,פילוסופיה,True
308,ספר הזן,אלן ווטס,פילוסופיה,True
309,הדרך הקצרה ביותר,צ'ארלס בוקובסקי,שירה,True
310,על הדרך,ג'ק קרואק,רומן,True
311,ארוחת בוקר בטיפאני,טרומן קפוטה,נובלה,True
312,בדם קר,טרומן קפוטה,פשע אמיתי,True
313,הרוח והשדים,ריימונד קארבר,סיפורים קצרים,True
314,על מה אנחנו מדברים כשאנחנו מדברים על אהבה,ריימונד קארבר,סיפורים קצרים,True
315,הזקן והים,ארנסט המינגוויי,נובלה,True
316,למי צלצלו הפעמונים,ארנסט המינגוויי,רומן,True
317,וזרח השמש,ארנסט המינגוויי,רומן,True
318,השלג של קילימנג'רו,ארנסט המינגוויי,סיפורים קצרים,True
319,אז משה,משה דיין,ביוגרפיה,True
320,סיפור חיי,מנחם בגין,ביוגרפיה,True
321,הדרך שלי,שמעון פרס,ביוגרפיה,True
322,מלחמתי לשלום,יצחק רבין,ביוגרפיה,True
323,פרקי אבות,רבנים,מוסר,True
324,בן סירא,בן סירא,חוכמה,True
325,מגילת הנחושת,מגילות מדבר יהודה,היסטורי,True
326,חזיון העצמות היבשות,יחזקאל הנביא,דת,True
327,ספר ישעיהו,ישעיהו הנביא,דת,True
328,ספר ירמיהו,ירמיהו הנביא,דת,True
329,ספר הושע,הושע הנביא,דת,True
330,ספר עמוס,עמוס הנביא,דת,True
331,ספר יונה,יונה הנביא,דת,True
332,ספר מיכה,מיכה הנביא,דת,True
333,ספר נחום,נחום הנביא,דת,True
334,ספר חבקוק,חבקוק הנביא,דת,True
335,ספר צפניה,צפניה הנביא,דת,True
336,ספר חגי,חגי הנביא,דת,True
337,ספר זכריה,זכריה הנביא,דת,True
338,ספר מלאכי,מלאכי הנביא,דת,True
339,ספר דברי הימים,עזרא הסופר,היסטורי,True
340,ספר עזרא,עזרא הסופר,היסטורי,True
341,ספר נחמיה,נחמיה,היסטורי,True
342,ספר שמואל,שמואל הנביא,היסטורי,True
343,ספר מלכים,ירמיהו הנביא,היסטורי,True
344,ספר יהושע,יהושע בן נון,היסטורי,True
345,ספר שופטים,שמואל הנביא,היסטורי,True
346,ספר בראשית,משה רבנו,דת,True
347,ספר שמות,משה רבנו,דת,True
348,ספר ויקרא,משה רבנו,דת,True
349,ספר במדבר,משה רבנו,דת,True
350,ספר דברים,משה רבנו,דת,True
351,צפרדעים,אריסטופנס,קומדיה,True
352,העננים,אריסטופנס,קומדיה,True
353,הציפורים,אריסטופנס,קומדיה,True
354,ליסיסטרטה,אריסטופנס,קומדיה,True
355,אגממנון,אייסכילוס,טרגדיה,True
356,כף קלאסיס,אייסכילוס,טרגדיה,True
357,אומינידס,אייסכילוס,טרגדיה,True
358,פרומתיאוס הכבול,אייסכילוס,טרגדיה,True
359,הבכחיות,אוריפידס,טרגדיה,True
360,מדיאה,אוריפידס,טרגדיה,True
361,הטרויאניות,אוריפידס,טרגדיה,True
362,אלקטרה,אוריפידס,טרגדיה,True
363,הילדים של העיר העתיקה,לאה איני,ספרות ישראלית,True
364,חורף עם תפוחים,רחל איתן,ספרות ישראלית,True
365,הדרך אל הגן,אהוד בן עזר,ספרות ישראלית,True
366,שלושה ימים של גשם,תמר ורטה-זהבי,ספרות ישראלית,True
367,היומן שלי,אנה פרנק,יומן,True
368,הנער בפיג'מת הפסים,ג'ון בוין,היסטורי,True
369,הגנבון,ינוש קורצ'אק,ילדים,True
370,המלך מתיא הראשון,ינוש קורצ'אק,ילדים,True
371,טיפות של גשם,צ'ינגיז אייטמטוב,רומן,True
372,הג'ירפה שאהבה לרקוד,זיוה שמיר,ילדים,True
373,המטבח של אוליבר,אוליבר טוויסט,בישול,True
374,מזל טוב אדון ברוך,אדון ברוך,ילדים,True
375,הנעלם,משה יצחקי,בלש,True
376,הסוד שבעמק,אלי עמיר,ספרות ישראלית,True
377,אהבת ציון,אברהם מאפו,היסטורי,True
378,אשמת אמת,יהודה עמיחי,שירה,True
379,לא רחוק מכאן,יהודה עמיחי,שירה,True
380,גם אגרוף היה פעם יד פתוחה ואצבעות,יהודה עמיחי,שירה,True
381,שירים על אהבה ועל המוות,יהודה עמיחי,שירה,True
382,החיים הם קטסטרופה עם הפסקות קצרות של אושר,א.ב יהושע,סיפורים קצרים,True
383,העורך דין,מיכאל הנדלזלץ,ביוגרפיה,True
384,מלכת היופי של פלורידה,גבי ניצן,סיפורים קצרים,True
385,הדרך הישנה,מאיר ויזלטיר,שירה,True
386,שירים על אהבה ועל דברים אחרים,מאיר ויזלטיר,שירה,True
387,משהו אדום,יונה וולך,שירה,True
388,שני גנים,יונה וולך,שירה,True
389,תודעה,יונה וולך,שירה,True
390,צורות,יונה וולך,שירה,True
391,הדודאים,רחל שפירא,שירה,True
392,כשהים עולה,עוזי וייל,סיפורים קצרים,True
393,החייל האמיץ שוויק,יארוסלב האשק,סאטירה,True
394,ג'יין אייר,שרלוט ברונטה,רומן,True
395,אנקת גבהים,אמילי ברונטה,רומן,True
396,בין שתי ערים,צ'ארלס דיקנס,היסטורי,True
397,תקוות גדולות,צ'ארלס דיקנס,רומן,True
398,אוליבר טוויסט,צ'ארלס דיקנס,רומן,True
399,דוד קופרפילד,צ'ארלס דיקנס,רומן,True
400,סיפורי קנטרברי,ג'פרי צ'וסר,שירה,True
401,דקאמרון,ג'ובאני בוקאצ'ו,סיפורים קצרים,True
402,גן העדן האבוד,ג'ון מילטון,אפוס,True
403,הקומדיה האלוהית,דנטה אליגיירי,אפוס,True
404,איליאדה,הומרוס,אפוס,True
405,מיתוסים יווניים,רוברט גרייבס,מיתולוגיה,True
406,הבטחתי לך ים,יעקב אגמון,שירה,True
407,המסע אל עצמי,תומר פרסיקו,רוחני,True
408,הדרך הנכונה,מייק בורשטיין,פילוסופיה,True
409,עולמה של סופי,ג'וסטיין גורדר,פילוסופיה,True
410,האיש שרצה להיות מלך,רודיארד קיפלינג,הרפתקאות,True
411,ספר הג'ונגל,רודיארד קיפלינג,הרפתקאות,True
412,ריב המלכים,ט.ה. וייט,פנטזיה,True
413,האביר על הסוס הלבן,ט.ה. וייט,פנטזיה,True
414,מלכת החרבות,ט.ה. וייט,פנטזיה,True
415,הנשר והנץ,ט.ה. וייט,פנטזיה,True
416,העיר המקוללת,סטיבן קינג,אימה,True
417,בית העלמין לחיות,סטיבן קינג,אימה,True
418,מיזרי,סטיבן קינג,אימה,True
419,החור השחור,סטיבן קינג,מדע בדיוני,True
420,המיטה,סטיבן קינג,אימה,True
421,האי,סטיבן קינג,אימה,True
422,הגוף,סטיבן קינג,דרמה,True
423,אני - רובוט,אייזק אסימוב,מדע בדיוני,True
424,המוסד,אייזק אסימוב,מדע בדיוני,True
425,קץ הילדות,ארתור סי. קלארק,מדע בדיוני,True
426,2001: אודיסיאה בחלל,ארתור סי. קלארק,מדע בדיוני,True
427,אדוני הזבובים,ויליאם גולדינג,פילוסופיה,True
428,הזקן והים,ארנסט המינגוויי,הרפתקאות,True
429,היופי והחיה,ז'אן-מארי לה פרינס דה בומון,אגדה,True
430,כיפה אדומה,האחים גרים,אגדה,True
431,שלגיה,האחים גרים,אגדה,True
432,רפונזל,האחים גרים,אגדה,True
433,הנסל וגרטל,האחים גרים,אגדה,True
434,סינדרלה,שארל פרו,אגדה,True
435,היפהפייה הנרדמת,שארל פרו,אגדה,True
436,חתול במגפיים,שארל פרו,אגדה,True
437,זאב ולנצ'יק,מקסים גורקי,סיפורים קצרים,True
438,אמא,מקסים גורקי,רומן,True
439,שלוש אחיות,אנטון צ'כוב,דרמה,True
440,הדודה,אנטון צ'כוב,דרמה,True
441,גן הדובדבנים,אנטון צ'כוב,דרמה,True
442,השחף,אנטון צ'כוב,דרמה,True
443,מחזה הפיטמה,אנטון צ'כוב,דרמה,True
444,הכלה,אנטון צ'כוב,סיפורים קצרים,True
445,סיפורים כפריים,אנטון צ'כוב,סיפורים קצרים,True
446,השיטה,אנטון צ'כוב,סיפורים קצרים,True
447,ארץ הגשם,אנטון צ'כוב,סיפורים קצרים,True
448,סלולרי,סטיבן קינג,אימה,True
449,קוג'ו,סטיבן קינג,אימה,True
450,האיש הרץ,סטיבן קינג,מדע בדיוני,True
451,האזור המת,סטיבן קינג,אימה,True
452,לובדאונס,סטיבן קינג,אימה,True
453,אגם האימה,סטיבן קינג,אימה,True
454,דוקטור שינה,סטיבן קינג,אימה,True
455,הזר,סטיבן קינג,אימה,True
456,החוג המהיר,סטיבן קינג,אימה,True
457,מיסטר מרצדס,סטיבן קינג,מתח,True
458,מוצאים את האושר,סטיבן קינג,דרמה,True
459,ארוכים,סטיבן קינג,סיפורים קצרים,True
460,מכשפות,סטיבן קינג,אימה,True
461,האפלה,סטיבן קינג,אימה,True
462,עין הדרקון,סטיבן קינג,פנטזיה,True
463,המגדל האפל,סטיבן קינג,פנטזיה,True
464,השערורייה,סטיבן קינג,מתח,True
465,הכישרון של מיכאל,דפנה בן צבי,ילדים,True
466,האריה שאהב תות,תמר בורנשטיין-לזר,ילדים,True
467,מעשה בשני אחים,לוין קיפניס,ילדים,True
468,אליעזר והגזר,לוין קיפניס,ילדים,True
469,רימון והדבורה,לוין קיפניס,ילדים,True
470,השפן הקטן,לוין קיפניס,ילדים,True
471,רוח בערבה,קנת גרהם,ילדים,True
472,פו הדב,א.א. מילן,ילדים,True
473,מנהרת הזמן,ג'ין ויילדר,ילדים,True
474,מסיבת תה,לואיס קרול,פנטזיה,True
475,הרפתקאותיו של טינטין,הרז'ה,קומיקס,True
476,הדרקונים של פרן,אן מקאפרי,מדע בדיוני,True
477,קרח ואש,ג'ורג' ר.ר. מרטין,פנטזיה,True
478,משחקי הכס,ג'ורג' ר.ר. מרטין,פנטזיה,True
479,עימות המלכים,ג'ורג' ר.ר. מרטין,פנטזיה,True
480,סופת החרבות,ג'ורג' ר.ר. מרטין,פנטזיה,True
481,משתה לעורבים,ג'ורג' ר.ר. מרטין,פנטזיה,True
482,ריקוד עם דרקונים,ג'ורג' ר.ר. מרטין,פנטזיה,True
483,רוחות החורף,ג'ורג' ר.ר. מרטין,פנטזיה,False
484,חלום של אביב,ג'ורג' ר.ר. מרטין,פנטזיה,False
485,הקמע,סטיבן קינג,אימה,True
486,הניצוץ,סטיבן קינג,אימה,True
487,טירת הוואנה,חורחה לואיס בורחס,סיפורים קצרים,True
488,גן השבילים המתפצלים,חורחה לואיס בורחס,סיפורים קצרים,True
489,אלף לילה ולילה,סיפורי עם,אגדות,True
490,הקאמורה,רוברטו סביאנו,פשע,True
491,אבא עשיר - אבא עני,רוברט קיוסאקי,כלכלה,True
492,חשוב והתעשר,נפוליאון היל,עזרה עצמית,True
493,כוחו של הרגל,צ'ארלס דוחיג,פסיכולוגיה,True
494,קיצור תולדות ירושלים,מאיר שלו,היסטוריה,True
495,הרוח בערפל,שולמית אלוני,פוליטי,True
496,הקיר,מרים ילן-שטקליס,ילדים,True
497,אצו רצו גמדים,מרים ילן-שטקליס,ילדים,True
498,דני דין,שמעון צמרת,ילדים,True
499,הכינה נחמה,דבורה עומר,ילדים,True
500,ציוני דרך,דבורה עומר,ביוגרפיה,True